Id,Attribution text,Link,Created at,Updated at,Entry,Category
119,Richard Waring,"",2017-08-10 13:24:20,2017-08-10 13:24:20,148,
118,"","",2017-03-23 07:24:15,2017-03-23 07:24:15,172,
117,"","",2017-03-21 23:50:24,2017-03-21 23:50:24,,3
114,Julian Robinson,"",2016-08-15 01:08:26,2016-08-15 01:08:26,170,
113,Bob Gosford,"",2016-08-15 01:06:10,2016-08-15 01:06:10,169,
112,Bob Gosford,"",2016-08-15 01:03:41,2016-08-15 01:03:41,168,
111,Julian Robinson,"",2016-08-15 01:01:04,2016-08-15 01:01:04,167,
110,Richard Waring,"",2016-08-15 00:58:30,2016-08-15 00:58:30,147,
109,Richard Waring,"",2016-08-15 00:57:48,2016-08-15 00:57:48,166,
108,Richard Waring,"",2016-08-15 00:55:07,2016-08-15 00:55:07,165,
107,Patrick Coin,https://www.flickr.com/photos/pcoin/98568137/,2016-08-15 00:51:22,2016-08-15 00:51:22,164,
106,Julian Robinson,"",2016-08-15 00:41:13,2016-08-15 00:41:13,163,
105,Richard Waring,"",2016-08-15 00:36:27,2016-08-15 00:36:27,162,
104,Richard Waring,"",2016-08-15 00:30:03,2016-08-15 00:30:03,141,
103,Richard Waring,"",2016-08-15 00:29:44,2016-08-15 00:29:44,142,
102,Richard Waring,"",2016-08-15 00:29:00,2016-08-15 00:29:00,152,
101,Richard Waring,"",2016-08-15 00:28:31,2016-08-15 00:28:31,159,
100,Julian Robinson,"",2016-08-15 00:28:01,2016-08-15 00:28:01,145,
99,"","",2016-08-15 00:27:20,2016-08-15 00:27:20,,2
97,"","",2016-08-15 00:26:03,2016-08-15 00:26:03,,1
96,Richard Waring,"",2016-08-12 02:48:22,2016-08-12 02:48:22,154,
93,Richard Waring,"",2016-04-16 06:58:47,2016-04-16 06:58:47,127,
92,Richard Waring,"",2016-04-16 06:57:53,2016-04-16 06:57:53,128,
91,Julian Robinson,"",2016-04-16 06:55:13,2016-04-16 06:55:13,130,
90,Tom Tarrant,https://www.flickr.com/photos/aviceda,2016-04-16 06:53:46,2016-04-16 06:53:46,132,
88,Richard Waring,"",2016-04-16 06:46:52,2016-04-16 06:46:52,133,
87,Richard Waring,"",2016-04-16 06:45:25,2016-04-16 06:45:25,134,
86,Richard Waring,"",2016-04-16 06:44:30,2016-04-16 06:44:30,135,
85,Julian Robinson,"",2016-04-16 06:43:21,2016-04-16 06:43:21,136,
84,Bob Gosford,"",2016-04-16 06:42:29,2016-04-16 06:42:29,137,
83,"","",2016-04-16 06:41:20,2016-04-16 06:41:20,138,
81,Richard Waring,"",2016-04-16 06:31:22,2016-04-16 06:31:22,139,
80,Richard Waring,"",2016-04-16 06:30:17,2016-04-16 06:30:17,140,
77,Tom Tarrant,"",2016-04-16 06:27:02,2016-04-16 06:27:02,143,
76,Craig Nieminski,"",2016-04-16 06:26:04,2016-04-16 06:26:04,144,
73,Richard Waring,"",2016-04-16 06:21:29,2016-04-16 06:21:29,146,
70,Richard Waring,"",2016-04-16 06:18:10,2016-04-16 06:18:10,149,
69,Richard Waring,"",2016-04-16 06:16:51,2016-04-16 06:16:51,151,
66,Julian Robinson,"",2016-04-16 06:13:36,2016-04-16 06:13:36,153,
64,Richard Waring,"",2016-04-16 06:11:25,2016-04-16 06:11:25,155,
63,Richard Waring,"",2016-04-16 06:10:28,2016-04-16 06:10:28,156,
62,Bob Gosford,"",2016-04-16 06:08:35,2016-04-16 06:08:35,157,
60,Richard Waring,"",2016-04-16 06:06:38,2016-04-16 06:06:38,158,
58,Richard Waring,"",2016-04-16 05:19:07,2016-04-16 05:19:07,160,
57,Richard Waring,"",2016-04-16 05:18:15,2016-04-16 05:18:15,125,
55,"","",2016-04-16 05:16:09,2016-04-16 05:16:09,126,
52,"","",2016-04-16 05:13:12,2016-04-16 05:13:12,129,
